Smiles,Activity
Brc1ccc(Cn2cc(CSc3nc4ccccc4s3)nn2)cc1,0
Brc1ccc(-n2c(-c3c(-c4cccc(Br)c4)[nH]c4ccccc34)nc(-c3ccccc3)c2-c2ccccc2)cc1,1
Brc1ccccc1Cn1cc(CSc2nc3ccccc3s2)nn1,0
C#CCOc1ccc(-c2cc(OC)c(-c3ccc(O)cc3)c(OCC#C)c2OC)cc1,0
C(=N/Nc1nc(-c2ccc(-c3ccccc3)cc2)cs1)\c1cccc2ccccc12,1
C/C=C/C1=CC2=CC(=O)[C@@](C)(O)[C@@H](OC(=O)c3c(C)cc(O)cc3O)[C@@H]2CO1,0
C/C=C/C1=CC2=CC(=O)[C@@](C)(OC(=O)c3c(C)cc(O)cc3O)C(=O)C2=CO1,0
C[C@H]1[C@H](C)CC[C@]2(C(=O)O)CC[C@]3(C)C(=CC[C@@H]4[C@@]5(C)CC[C@H](O)C(C)(C)[C@@H]5CC[C@]43C)[C@H]12,0
C[C@H]1NC[C@@H](O)[C@@H](O)[C@H]1CO,0
C=C(C)C(COc1c2ccoc2cc2oc(=O)ccc12)OC(C)(C)C(O)COc1c2occc2c(OC)c2ccc(=O)oc12,1
C=C(C)C(COc1c2occc2c(OC)c2ccc(=O)oc12)OC(C)(C)[C@H](O)COc1c2ccoc2cc2oc(=O)ccc12,1
C=C(C)C(COc1c2occc2cc2ccc(=O)oc12)OC(C)(C)[C@H](O)COc1c2ccoc2cc2oc(=O)ccc12,1
C=C(C)C(O)CC/C(C)=C/COc1ccc2oc3cc(O)cc(O)c3c(=O)c2c1,0
C=C(C)C(O)Cc1c(O)c(C/C=C(\C)CCC=C(C)C)c2oc3ccc(O)cc3c(=O)c2c1O,1
C=C(CCC=C(C)C)C(O)Cc1c(O)c(CC=C(C)C)c(O)c2c(=O)c3cc(O)ccc3oc12,0
C=CCOc1c(OC)c(-c2ccc(O)cc2)cc(OC)c1-c1ccc(O)cc1,0
C=CCOc1ccc(-c2c(OC)cc(-c3ccc(O)cc3)c(OC)c2O)cc1,0
C=CCOc1ccc(-c2cc(OC)c(-c3ccc(O)cc3)c(O)c2OC)cc1,0
C=CCOc1ccc(-c2cc(OC)c(-c3ccc(O)cc3)c(OCC=C)c2OC)cc1,1
c1ccc(-c2[nH]c3ccccc3c2C(c2ccc(-c3nnc(-c4c[nH]c5ccccc45)o3)cc2)c2c(-c3ccccc3)[nH]c3ccccc23)cc1,0
c1ccc2c(-c3nnc(-c4ccc(C(c5c[nH]c6ccccc56)c5c[nH]c6ccccc56)cc4)o3)c[nH]c2c1,0
CC(=O)Nc1ccc(-n2c(-c3c(-c4ccccc4)[nH]c4ccc(F)cc34)nc(-c3ccccc3)c2-c2ccccc2)cc1,1
CC(C)(C)c1cc(/C=N/NC(=O)c2nc(-c3cc4ccccc4oc3=O)cs2)c(O)c(C(C)(C)C)c1,1
CC(C)(C)c1ccc(Cn2cc(CSc3nc4cc(Cl)ccc4s3)nn2)cc1,0
CC(C)(C)c1ccc(Cn2cc(CSc3nc4ccccc4s3)nn2)cc1,0
CC(C)=CCC/C(C)=C/CC/C(C)=C/Cc1c(O)c(O)cc2oc3cc(O)cc(O)c3c(=O)c12,0
CC(C)=CCC/C(C)=C/CC/C(C)=C/CCC(C)(O)CCc1c(O)c(O)cc2oc3cc(O)cc(O)c3c(=O)c12,0
CC(C)=CCC/C(C)=C/Cc1c(O)c(CC=C(C)C)c(O)c2c(=O)c3cc(O)ccc3oc12,0
CC(C)=CCC/C(C)=C/CCC(C)(O)CCc1c(O)c(O)cc2oc3cc(O)cc(O)c3c(=O)c12,0
CC(C)=CCC/C(C)=C/COc1cc2oc3ccc(O)cc3c(=O)c2c(O)c1CC=C(C)C,0
CC(C)=CCC/C(C)=C/COc1ccc2oc3cc(O)cc(O)c3c(=O)c2c1,0
CC(C)=CCc1c(O)c(CC=C(C)C)c2oc3ccc(O)cc3c(=O)c2c1O,0
CC(C)=CCc1c(O)cc2oc3cc(O)c(O)c(CC=C(C)C)c3c(=O)c2c1O,1
CC(C)=CCCC(C)(O)C1Cc2c(c(CC=C(C)C)c(O)c3c(=O)c4cc(O)ccc4oc23)O1,0
CC(C)Cn1cc(C2(c3cn(CC(C)C)c4ccccc34)C(=O)Nc3ccccc32)c2ccccc21,1
CC(C)n1cc(C2(c3cn(C(C)C)c4ccccc34)C(=O)Nc3ccccc32)c2ccccc21,1
CC1(C)CCc2cc(CC3=C(c4ccc(O)cc4)[C@@](O)(C(=O)O)OC3=O)ccc2O1,1
CC1(C)CCc2cc(CC3=C(c4ccc(O)cc4)C(O)OC3=O)ccc2O1,0
CC1(C)CCc2cc(CC3OC(=O)C(O)=C3c3ccc(O)cc3)ccc2O1,0
Cc1[nH]c2ccccc2c1-c1nnc(-c2ccc(C(c3c(C)n(C)c4ccccc34)c3c(C)n(C)c4ccccc34)cc2)o1,0
Cc1[nH]c2ccccc2c1-c1nnc(-c2ccc(C(c3c(-c4ccccc4)[nH]c4ccccc34)c3c(-c4ccccc4)[nH]c4ccccc34)cc2)o1,0
Cc1[nH]c2ccccc2c1-c1nnc(-c2ccc(C(c3c[nH]c4ccc(Br)cc34)c3c[nH]c4ccc(Br)cc34)cc2)o1,0
Cc1[nH]c2ccccc2c1-c1nnc(-c2ccc(C(c3c[nH]c4ccc(C#N)cc34)c3c[nH]c4ccc(C#N)cc34)cc2)o1,0
Cc1[nH]c2ccccc2c1-c1nnc(-c2ccc(C(c3c[nH]c4ccc(Cl)cc34)c3c[nH]c4ccc(Cl)cc34)cc2)o1,0
Cc1[nH]c2ccccc2c1-c1nnc(-c2ccc(C(c3c[nH]c4ccccc34)c3c[nH]c4ccccc34)cc2)o1,0
Cc1[nH]c2ccccc2c1-c1nnc(-c2ccc(C(c3cn(C)c4ccccc34)c3cn(C)c4ccccc34)cc2)o1,0
Cc1c(C(c2ccc(-c3nnc(-c4c[nH]c5ccccc45)o3)cc2)c2c(C)n(C)c3ccccc23)c2ccccc2n1C,0
Cc1c(C(c2ccc(-c3nnc(-c4cn(C)c5ccccc45)o3)cc2)c2c(C)n(C)c3ccccc23)c2ccccc2n1C,0
Cc1cc(C(=O)n2nnc3ccccc32)cc(C)c1C,1
Cc1cc(C(=O)n2nnc3ccccc32)ccc1[N+](=O)[O-],1
Cc1cc(C)c2c(c1)/C(=N/NC(=O)COc1ccc3ccc(=O)oc3c1)C(=O)N2,1
Cc1cc(C)c2c(c1)/C(=N/Nc1nc(-c3ccc(Br)cc3)cs1)C(=O)N2,1
Cc1cc(C)c2c(c1)/C(=N/Nc1nc(-c3ccc(F)cc3)cs1)C(=O)N2,1
Cc1cc(C)cc(N2C(=O)/C(=C/c3ccc(F)cc3)S/C2=N\NC(=O)c2cc3ccccc3oc2=O)c1,2
Cc1cc(O)cc(O)c1C(=O)O[C@]1(C)C(=O)C=C2C=C(/C=C/CO)OC=C2C1=O,0
Cc1cc(O)cc(O)c1C(=O)O[C@H]1[C@@H]2COC(/C=C/[C@H](C)O)=CC2=CC(=O)[C@@]1(C)O,0
Cc1cc(O)cc(O)c1C(=O)O[C@H]1[C@@H]2COC(/C=C/C(=O)O)=CC2=CC(=O)[C@@]1(C)O,0
Cc1cc(O)cc(O)c1C(=O)O[C@H]1[C@@H]2COC(/C=C/C=O)=CC2=CC(=O)[C@@]1(C)O,0
Cc1cc(O)cc(O)c1C(=O)O[C@H]1[C@@H]2COC(/C=C/CO)=CC2=CC(=O)[C@@]1(C)O,0
Cc1cc(O)cc(O)c1C(=O)O[C@H]1C2=COC(/C=C/CO)=CC2=CC(=O)[C@@]1(C)O,0
Cc1cc2nnn(C(=O)c3ccccc3)c2cc1C,1
Cc1cc2nnn(CC(=O)c3ccc(Cl)c(Cl)c3)c2cc1C,1
Cc1cc2nnn(CC(=O)c3ccc(Cl)cc3)c2cc1C,1
Cc1cc2nnn(CC(=O)c3ccccc3)c2cc1C,1
Cc1cc2nnn(CC(=O)c3ccccc3O)c2cc1C,1
Cc1ccc(/C=C2\CCC/C(=C\c3ccccc3)C2=O)cc1,0
Cc1ccc(/C=N/NC(=O)c2cc3ccccc3oc2=O)cc1,1
Cc1ccc([C@H](CC(=O)c2ccc3ccccc3c2)c2c[nH]c3ccccc23)cc1,1
Cc1ccc([C@H](CC(=O)c2ccccc2)c2c[nH]c3ccccc23)cc1,1
Cc1ccc(C(=O)Cn2nnc3ccccc32)cc1,1
Cc1ccc(C(=O)N/N=C2\C(=O)Nc3ccc(Cl)cc32)cc1,1
Cc1ccc(C(=O)n2nnc3cc(Cl)c(Cl)cc32)cc1C,1
Cc1ccc(C(=O)n2nnc3ccccc32)cc1C,1
Cc1ccc(C(c2c(N)c3ccccc3oc2=O)c2c(N)c3ccccc3oc2=O)cc1,0
Cc1ccc(C(c2c[nH]c3ccc(C(=O)NNS(=O)(=O)c4cc(Cl)c(Cl)cc4Cl)cc23)c2c[nH]c3ccc(C(=O)NNS(=O)(=O)c4cc(Cl)c(Cl)cc4Cl)cc23)cc1,2
Cc1ccc(C(c2c[nH]c3ccc(C(=O)NNS(=O)(=O)c4cc(Cl)cc(Cl)c4)cc23)c2c[nH]c3ccc(C(=O)NNS(=O)(=O)c4cc(Cl)cc(Cl)c4)cc23)cc1,2
Cc1ccc(C(c2c[nH]c3ccc(C(=O)NNS(=O)(=O)c4cc(Cl)ccc4Cl)cc23)c2c[nH]c3ccc(C(=O)NNS(=O)(=O)c4cc(Cl)ccc4Cl)cc23)cc1,2
Cc1ccc(C(c2c[nH]c3ccc(C(=O)NNS(=O)(=O)c4ccc([N+](=O)[O-])cc4)cc23)c2c[nH]c3ccc(C(=O)NNS(=O)(=O)c4ccc([N+](=O)[O-])cc4)cc23)cc1,1
Cc1ccc(C(c2c[nH]c3ccc(C(=O)NNS(=O)(=O)c4ccc([N+](=O)[O-])cc4[N+](=O)[O-])cc23)c2c[nH]c3ccc(C(=O)NNS(=O)(=O)c4ccc([N+](=O)[O-])cc4[N+](=O)[O-])cc23)cc1,2
Cc1ccc(C(c2c[nH]c3ccc(C(=O)NNS(=O)(=O)c4ccc(Br)cc4)cc23)c2c[nH]c3ccc(C(=O)NNS(=O)(=O)c4ccc(Br)cc4)cc23)cc1,2
Cc1ccc(C(c2c[nH]c3ccc(C(=O)NNS(=O)(=O)c4ccc(C)cc4)cc23)c2c[nH]c3ccc(C(=O)NNS(=O)(=O)c4ccc(C)cc4)cc23)cc1,2
Cc1ccc(C(c2c[nH]c3ccc(C(=O)NNS(=O)(=O)c4ccc(Cl)c(Cl)c4)cc23)c2c[nH]c3ccc(C(=O)NNS(=O)(=O)c4ccc(Cl)c(Cl)c4)cc23)cc1,2
Cc1ccc(C(c2c[nH]c3ccc(C(=O)NNS(=O)(=O)c4ccc(Cl)cc4Cl)cc23)c2c[nH]c3ccc(C(=O)NNS(=O)(=O)c4ccc(Cl)cc4Cl)cc23)cc1,2
Cc1ccc(C(c2c[nH]c3ccc(C(=O)NNS(=O)(=O)c4cccc([N+](=O)[O-])c4)cc23)c2c[nH]c3ccc(C(=O)NNS(=O)(=O)c4cccc([N+](=O)[O-])c4)cc23)cc1,1
Cc1ccc(C(c2c[nH]c3ccc(C(=O)NNS(=O)(=O)c4cccc(Cl)c4Cl)cc23)c2c[nH]c3ccc(C(=O)NNS(=O)(=O)c4cccc(Cl)c4Cl)cc23)cc1,2
Cc1ccc(C(c2c[nH]c3ccc(C(=O)NNS(=O)(=O)c4ccccc4[N+](=O)[O-])cc23)c2c[nH]c3ccc(C(=O)NNS(=O)(=O)c4ccccc4[N+](=O)[O-])cc23)cc1,1
Cc1ccc(C(c2c[nH]c3ccc(C(=O)NNS(=O)(=O)c4ccccc4Br)cc23)c2c[nH]c3ccc(C(=O)NNS(=O)(=O)c4ccccc4Br)cc23)cc1,2
Cc1ccc(C(c2c[nH]c3ccc(C(=O)NNS(=O)(=O)c4ccccc4Cl)cc23)c2c[nH]c3ccc(C(=O)NNS(=O)(=O)c4ccccc4Cl)cc23)cc1,2
Cc1ccc(C(Nc2ccc(-c3ccc(NC(c4ccc(C)cc4)n4nc(-c5cc(=O)oc6ccccc56)oc4=S)cc3)cc2)n2nc(-c3cc4ccccc4oc3=O)oc2=S)cc1,2
Cc1ccc(C(Nc2ccc(NC(c3ccc(C)cc3)n3nc(-c4cc(=O)oc5ccccc45)oc3=S)cc2)n2nc(-c3cc4ccccc4oc3=O)oc2=S)cc1,2
Cc1ccc(C(Nc2ccc(Oc3ccc(NC(c4ccc(C)cc4)n4nc(-c5cc6ccccc6oc5=O)oc4=S)cc3)cc2)n2nc(-c3cc4ccccc4oc3=O)oc2=S)cc1,2
Cc1ccc(C)c(N2C(=O)/C(=C/c3ccc(F)cc3)S/C2=N\NC(=O)c2cc3ccccc3oc2=O)c1,0
Cc1ccc(-c2cc(-c3ccc(Br)cc3)nc(SCc3ccc(Cl)cc3)n2)cc1,0
Cc1ccc(-c2cc(-c3ccc(Br)cc3)nc(SCc3ccccc3Br)n2)cc1,0
Cc1ccc(-c2cc(-c3cccc(Br)c3)nc(SCc3ccc(F)cc3)n2)cc1,0
Cc1ccc(-c2cc(-c3cccc(Br)c3)nc(SCc3cccc(F)c3)n2)cc1,0
Cc1ccc(-c2cc(-c3cccc(Br)c3)nc(SCc3ccccc3Cl)n2)cc1,0
Cc1ccc(-c2csc(N/N=C3\C(=O)N(C)c4ccccc43)n2)cc1,1
Cc1ccc(-c2csc(N/N=C3\C(=O)N(Cc4ccccc4F)c4ccc(C)cc43)n2)cc1,1
Cc1ccc(-c2csc(N/N=C3\C(=O)Nc4c(C)cc(C)cc43)n2)cc1,1
Cc1ccc(-c2csc(N/N=C3\C(=O)Nc4ccc(F)cc43)n2)cc1,1
Cc1ccc(-c2csc(N/N=C3\C(=O)Nc4ccccc43)n2)cc1,1
Cc1ccc(-c2csc(NC(=O)CSc3nnc(-c4ccc(Br)cc4)c(-c4ccc(Br)cc4)n3)n2)cc1,1
Cc1ccc(-c2csc(NC(=O)CSc3nnc(-c4ccc(F)cc4)c(-c4ccc(F)cc4)n3)n2)cc1,1
Cc1ccc(-c2csc(NC(=O)CSc3nnc(-c4ccccc4)c(-c4ccccc4)n3)n2)cc1,1
Cc1ccc(N2C(=O)/C(=C/c3ccc(F)cc3)S/C2=N\NC(=O)c2cc3ccccc3oc2=O)c(C)c1,2
Cc1ccc(N2C(=O)/C(=C/c3ccc(F)cc3)S/C2=N\NC(=O)c2cc3ccccc3oc2=O)cc1,2
Cc1ccc(N2C(=O)/C(=C/c3ccc(F)cc3)S/C2=N\NC(=O)c2cc3ccccc3oc2=O)cc1C,2
Cc1ccc(NC(=O)Cn2cc(Cn3c(-c4cccc(Cl)c4)nc(-c4ccccc4)c3-c3ccccc3)nn2)c(C)c1,0
Cc1ccc(NC(=O)Cn2cc(Cn3c(-c4cccc(F)c4)nc(-c4ccccc4)c3-c3ccccc3)nn2)c(C)c1,0
Cc1ccc(NC(=S)NNC(=O)c2ccc(-c3nnc(-c4ccccc4Cl)o3)cc2)cc1,2
Cc1ccc2c(c1)/C(=N/NC(=O)COc1ccc3ccc(=O)oc3c1)C(=O)N2,1
Cc1ccc2c(c1)/C(=N/NC(=O)COc1ccc3ccc(=O)oc3c1)C(=O)N2Cc1cccc(F)c1,1
Cc1ccc2c(c1)/C(=N/NC(=O)COc1ccc3ccc(=O)oc3c1)C(=O)N2Cc1ccccc1F,1
Cc1ccc2c(c1)/C(=N/Nc1nc(-c3ccc(O)cc3)cs1)C(=O)N2,1
Cc1ccc2c(c1)/C(=N/Nc1nc(-c3ccc(O)cc3)cs1)C(=O)N2Cc1ccccc1F,1
Cc1ccc2c(c1)C(c1c[nH]c3ccccc13)(c1c[nH]c3ccccc13)C(=O)N2,1
Cc1cccc(/C=C2\CCC/C(=C\c3ccccc3)C2=O)c1,0
Cc1cccc(/C=N/NC(=O)c2cc3ccccc3oc2=O)c1,1
Cc1cccc([C@H](CC(=O)c2ccccc2)c2c[nH]c3ccccc23)c1,1
Cc1cccc(C(=O)/N=c2\scc(C)n2-c2cc(Cl)c(Cl)cc2Cl)c1,2
Cc1cccc(C(=O)n2nnc3ccccc32)c1,1
Cc1cccc(C(c2c(N)c3ccccc3oc2=O)c2c(N)c3ccccc3oc2=O)c1,0
Cc1cccc(C)c1N1C(=O)/C(=C/c2ccc(F)cc2)S/C1=N\NC(=O)c1cc2ccccc2oc1=O,2
Cc1cccc(N2C(=O)/C(=C/c3ccc(F)cc3)S/C2=N\NC(=O)c2cc3ccccc3oc2=O)c1,2
Cc1cccc(N2C(=O)/C(=C/c3ccc(F)cc3)S/C2=N\NC(=O)c2cc3ccccc3oc2=O)c1C,0
Cc1cccc(NC(=S)NNC(=O)c2ccc(-c3nnc(-c4ccccc4Cl)o3)cc2)c1,2
Cc1cccc2nc(-c3cc(O)ccc3O)[nH]c12,1
Cc1cccc2nc(-c3ccc(Cl)cc3)[nH]c12,1
Cc1cccc2nc(-c3ccc(F)cc3)[nH]c12,1
Cc1cccc2nc(-c3ccc(O)c(O)c3)[nH]c12,1
Cc1cccc2nc(-c3ccc(O)cc3)[nH]c12,1
Cc1cccc2nc(-c3ccc(O)cc3O)[nH]c12,1
Cc1cccc2nc(-c3cccc(Cl)c3)[nH]c12,1
Cc1cccc2nc(-c3cccc(F)c3)[nH]c12,1
Cc1cccc2nc(-c3cccc(O)c3)[nH]c12,1
Cc1cccc2nc(-c3cccc(O)c3O)[nH]c12,1
Cc1cccc2nc(-c3ccccc3[N+](=O)[O-])[nH]c12,1
Cc1cccc2nc(-c3ccccc3Cl)[nH]c12,1
Cc1cccc2nc(-c3ccccc3F)[nH]c12,1
Cc1cccc2nc(-c3ccccc3O)[nH]c12,1
Cc1cccc2nc(-c3cccs3)[nH]c12,1
Cc1cccc2nc(-c3ccncc3)[nH]c12,1
Cc1ccccc1/C=N/NC(=O)c1cc2ccccc2oc1=O,1
Cc1ccccc1C(=O)/N=c1\scc(C)n1-c1cc(Cl)c(Cl)cc1Cl,2
Cc1ccccc1N1C(=O)/C(=C/c2ccc(F)cc2)S/C1=N\NC(=O)c1cc2ccccc2oc1=O,2
Cc1ccccc1NC(=O)Cn1cc(Cn2c(-c3ccc(Br)cc3)nc(-c3ccccc3)c2-c2ccccc2)nn1,0
Cc1ccccc1NC(=O)Cn1cc(Cn2c(-c3cccc(F)c3)nc(-c3ccccc3)c2-c2ccccc2)nn1,0
Cc1cs/c(=N\C(=O)c2cc3ccccc3oc2=O)n1-c1cc(Cl)c(Cl)cc1Cl,2
Cc1cs/c(=N\C(=O)c2cccc3ccccc23)n1-c1cc(Cl)c(Cl)cc1Cl,2
Cc1cs/c(=N\C(=O)c2ccccc2Cl)n1-c1cc(Cl)c(Cl)cc1Cl,2
Cc1cs/c(=N\C(=O)c2ccco2)n1-c1cc(Cl)c(Cl)cc1Cl,2
Cc1nccn1-c1ccc(/C=C2/SC(=O)NC2=O)cc1,2
CCC1NC(CC)C(O)C(O)C1O,1
CCCCC[C@H]1NC[C@@H](O)[C@@H](O)[C@H]1CO,0
CCCCCCCCC[C@H]1NC[C@@H](O)[C@@H](O)[C@H]1CO,0
CCCCCCCCCCCC(=O)N/N=C1\C(=O)Nc2ccccc21,1
CCCCn1cc(C2(c3cn(CCCC)c4ccccc34)C(=O)Nc3ccccc32)c2ccccc21,1
CCCCOc1ccc(C(=O)n2nnc3ccccc32)cc1,1
CCCN1C(=O)/C(=N\NC(=O)Cc2ccc(Cl)cc2Cl)c2ccccc21,1
CCCn1cc(C2(c3cn(CCC)c4ccccc34)C(=O)Nc3ccccc32)c2ccccc21,1
CCCOc1c(OC)c(-c2ccc(O)cc2)cc(OC)c1-c1ccc(O)cc1,0
CCCOc1ccc(-c2c(OC)cc(-c3ccc(O)cc3)c(OC)c2O)cc1,0
CCCOc1ccc(-c2c(OC)cc(-c3ccc(O)cc3)c(OC)c2OCCC)cc1,0
CCCOc1ccc(-c2cc(OC)c(-c3ccc(O)cc3)c(O)c2OC)cc1,1
CCCOc1ccc(-c2cc(OC)c(-c3ccc(O)cc3)c(OCCC)c2OC)cc1,1
CCn1c2ccccc2c2cc(NC(=O)CSc3nc4ccccc4[nH]3)ccc21,2
CCOC(=O)C1=C(Nc2cccc([N+](=O)[O-])c2)C[C@@H](c2ccc(C)cc2)N(c2cccc([N+](=O)[O-])c2)[C@@H]1c1ccc(C)cc1,1
CCOC(=O)C1=C(Nc2cccc(Br)c2)C[C@@H](c2ccc(Cl)cc2)N(c2cccc(Br)c2)[C@@H]1c1ccc(Cl)cc1,1
CCOC(=O)C1=C(Nc2cccc(Cl)c2)C[C@@H](c2ccc(Cl)cc2)N(c2cccc(Cl)c2)[C@@H]1c1ccc(Cl)cc1,1
CCOC(=O)C1=C(Nc2cccc(F)c2)C[C@@H](c2ccc(Cl)cc2)N(c2cccc(F)c2)[C@@H]1c1ccc(Cl)cc1,1
CCOC(=O)CC(=O)OCC,1
CCOC(=O)CN1C(=O)S/C(=C/c2ccc(-n3ccc4c(Br)ccnc43)cc2)C1=O,2
CCOc1cc(/C=C2\SC(=O)NC2=O)ccc1OCN1C(=O)c2ccccc2C1=O,0
CCOc1cc(/C=C2\SC(=S)NC2=O)ccc1OCN1C(=O)c2ccccc2C1=O,1
CCOc1ccc(NC(=O)Cn2cc(Cn3c(-c4ccc(C(=O)OC)cc4)nc(-c4ccccc4)c3-c3ccccc3)nn2)cc1,0
CCOc1ccc(NC(=O)Cn2cc(Cn3c(-c4cccc(Cl)c4)nc(-c4ccccc4)c3-c3ccccc3)nn2)cc1,0
CCOc1ccccc1NC(=O)Cn1cc(Cn2c(-c3cccc(Br)c3)nc(-c3ccccc3)c2-c2ccccc2)nn1,0
CCOc1ccccc1NC(=O)Cn1cc(Cn2c(-c3ccccc3F)nc(-c3ccccc3)c2-c2ccccc2)nn1,0
Clc1cc(Cl)cc(Cn2cc(CSc3nc4cc(Cl)ccc4s3)nn2)c1,0
Clc1cc(Cl)cc(Cn2cc(CSc3nc4ccccc4s3)nn2)c1,0
Clc1ccc(/N=c2\scc(-c3ccc(Cl)cc3)n2Nc2ccccc2)cc1,1
Clc1ccc(-c2nnc(/N=C/c3ccc(Cl)cc3Cl)s2)cc1,1
Clc1ccc(-c2nnc(/N=C/c3ccc(OCc4ccccc4)cc3)s2)cc1,1
Clc1ccc(Cn2cc(CSc3nc4cc(Cl)ccc4s3)nn2)cc1,0
Clc1ccc(Cn2cc(CSc3nc4ccccc4s3)nn2)cc1,0
Clc1ccc(CSc2nc(-c3ccc(Br)cc3)cc(-c3ccc(Br)cc3)n2)cc1,0
Clc1ccc2[nH]cc(C(c3ccc(-c4nnc(-c5c[nH]c6ccccc56)o4)cc3)c3c[nH]c4ccc(Cl)cc34)c2c1,0
Clc1ccc2sc(SCc3cn(Cc4ccc(Br)cc4)nn3)nc2c1,0
Clc1ccc2sc(SCc3cn(Cc4ccccc4)nn3)nc2c1,0
Clc1ccc2sc(SCc3cn(Cc4ccccc4Br)nn3)nc2c1,0
Clc1ccc2sc(SCc3cn(Cc4ccccc4Cl)nn3)nc2c1,0
Clc1cccc(-c2[nH]c3ccccc3c2-c2nc(-c3ccccc3)c(-c3ccccc3)n2-c2ccccc2)c1,1
Clc1ccccc1CSc1nc(-c2ccc(Br)cc2)cc(-c2ccc(Br)cc2)n1,0
Clc1ccccc1CSc1nc(-c2ccc(Br)cc2)cc(-c2cccc(Br)c2)n1,0
CN(C)c1ccc(C(Nc2ccc(-c3ccc(NC(c4ccc(N(C)C)cc4)n4nc(-c5cc(=O)oc6ccccc56)oc4=S)cc3)cc2)n2nc(-c3cc4ccccc4oc3=O)oc2=S)cc1,2
CN(C)c1ccc(C(Nc2ccc(NC(c3ccc(N(C)C)cc3)n3nc(-c4cc(=O)oc5ccccc45)oc3=S)cc2)n2nc(-c3cc4ccccc4oc3=O)oc2=S)cc1,2
CN(C)c1ccc(C(Nc2ccc(Oc3ccc(NC(c4ccc(N(C)C)cc4)n4nc(-c5cc6ccccc6oc5=O)oc4=S)cc3)cc2)n2nc(-c3cc4ccccc4oc3=O)oc2=S)cc1,2
CN(C)c1ccc(-c2nnc(N)s2)cc1,1
CN1C(=O)/C(=N\NC(=O)COc2ccc3ccc(=O)oc3c2)c2ccccc21,1
CN1C(=O)/C(=N\Nc2nc(-c3ccc(F)cc3)cs2)c2ccccc21,1
Cn1cc(C(c2ccc(-c3nnc(-c4c[nH]c5ccccc45)o3)cc2)c2cn(C)c3ccccc23)c2ccccc21,0
Cn1cc(C2(c3cn(C)c4ccccc34)C(=O)Nc3ccccc32)c2ccccc21,1
Cn1cc(-c2nnc(-c3ccc(C(c4c(-c5ccccc5)[nH]c5ccccc45)c4c(-c5ccccc5)[nH]c5ccccc45)cc3)o2)c2ccccc21,0
Cn1cc(-c2nnc(-c3ccc(C(c4c[nH]c5ccc(Br)cc45)c4c[nH]c5ccc(Br)cc45)cc3)o2)c2ccccc21,0
Cn1cc(-c2nnc(-c3ccc(C(c4c[nH]c5ccc(C#N)cc45)c4c[nH]c5ccc(C#N)cc45)cc3)o2)c2ccccc21,0
Cn1cc(-c2nnc(-c3ccc(C(c4c[nH]c5ccc(Cl)cc45)c4c[nH]c5ccc(Cl)cc45)cc3)o2)c2ccccc21,0
Cn1cc(-c2nnc(-c3ccc(C(c4c[nH]c5ccccc45)c4c[nH]c5ccc(Cl)cc45)cc3)o2)c2ccccc21,1
Cn1cc(-c2nnc(-c3ccc(C(c4c[nH]c5ccccc45)c4c[nH]c5ccccc45)cc3)o2)c2ccccc21,0
Cn1cc(-c2nnc(-c3ccc(C(c4cn(C)c5ccccc45)c4cn(C)c5ccccc45)cc3)o2)c2ccccc21,0
CO[C@@H]1OC(=O)C(Cc2ccc(O)c(CC=C(C)C)c2)=C1c1ccc(O)cc1,1
CO[C@H]1OC(=O)C(Cc2ccc(O)c(CC=C(C)C)c2)=C1c1ccc(O)cc1,1
COC(=O)[C@@]1(O)OC(=O)C(Cc2ccc3c(c2)CCC(C)(C)O3)=C1c1ccc(O)cc1,0
COC(=O)[C@]1(Cc2ccc(O)c(CC=C(C)C)c2)OC(=O)C(O)=C1c1ccc(O)cc1,0
COC(=O)[C@]1(Cc2ccc(O)cc2)OC(=O)C(O)=C1c1ccc(O)cc1,0
COC(=O)[C@]1(Cc2ccc3c(c2)C[C@@H](O)C(C)(C)O3)OC(=O)C(O)=C1c1ccc(O)cc1,0
COC(=O)[C@]1(Cc2ccc3c(c2)C[C@H](C(C)(C)O)O3)OC(=O)C(O)=C1c1ccc(O)cc1,0
COC(=O)[C@]1(Cc2ccc3c(c2)CCC(C)(C)O3)OC(=O)C(O)=C1c1ccc(O)cc1,0
COC(=O)C1=CC2=CC(=O)[C@@](C)(O)[C@@H](OC(=O)c3c(C)cc(O)cc3O)[C@@H]2CO1,0
COC(=O)c1ccc(-c2nc(-c3ccccc3)c(-c3ccccc3)n2Cc2cn(CC(=O)Nc3cc(Cl)ccc3Cl)nn2)cc1,0
COC(=O)c1cn(C[C@@H](C)Oc2ccc(Br)cc2OC)nn1,0
COC(=O)CC(C)=O,0
COC(=O)CCC1=CC2=CC(=O)[C@@](C)(O)[C@@H](OC(=O)c3c(C)cc(O)cc3O)[C@@H]2CO1,0
COC(OC)C1=CC2=CC(=O)[C@@](C)(O)[C@@H](OC(=O)c3c(C)cc(O)cc3O)[C@@H]2CO1,0
COc1c(Br)c(-c2ccc(O)cc2)c(OC)c(O)c1-c1ccc(O)cc1,1
COc1c(Cl)c(-c2ccc(O)cc2)c(OC)c(O)c1-c1ccc(O)cc1,0
COc1c(O)cc2oc3cc(O)c(C/C=C(\C)CO)c(O)c3c(=O)c2c1C/C=C(\C)CCC=C(C)C,0
COc1c(O)cc2oc3cc(O)c(CC=C(C)C)c(O)c3c(=O)c2c1C/C=C(\C)CCC=C(C)C,0
COc1c(O)cc2oc3cc(O)c(CC=C(C)C)c(O)c3c(=O)c2c1CC=C(C)C,1
COc1c(O)cc2oc3cc(O)c(CCC(C)(C)O)c(O)c3c(=O)c2c1CC=C(C)C,0
COc1c(O)cc2oc3cc4c(c(O)c3c(=O)c2c1CC=C(C)C)C=CC(C)(C)O4,0
COc1c(O)ccc2c(=O)c3c(O)cc4c(c3oc12)C(C)(C)C(CO)O4,0
COc1cc(/C=C2\CCC/C(=C\c3ccccc3)C2=O)cc(OC)c1OC,0
COc1cc(/C=C2\SC(=O)NC2=O)cc(OC)c1OCN1C(=O)c2ccccc2C1=O,0
COc1cc(/C=C2\SC(=O)NC2=O)ccc1OCN1C(=O)c2ccccc2C1=O,0
COc1cc(/C=C2\SC(=S)NC2=O)cc(OC)c1OCN1C(=O)c2ccccc2C1=O,0
COc1cc(/C=C2\SC(=S)NC2=O)ccc1OCN1C(=O)c2ccccc2C1=O,0
COc1cc(/C=N/NC(=O)c2cc3ccccc3[nH]2)ccc1O,1
COc1cc(Br)ccc1O[C@H](C)Cn1cc(-c2ccc(C(F)(F)F)cc2)nn1,0
COc1cc(Br)ccc1O[C@H](C)Cn1cc(-c2ccc(F)cc2)nn1,0
COc1cc(Br)ccc1O[C@H](C)Cn1cc(-c2ccccc2)nn1,0
COc1cc(C(c2c(N)c3ccccc3oc2=O)c2c(N)c3ccccc3oc2=O)cc(Br)c1O,0
COc1cc(C(c2c(N)c3ccccc3oc2=O)c2c(N)c3ccccc3oc2=O)cc(Cl)c1O,0
COc1cc(-c2ccc([N+](=O)[O-])cc2)ccc1O[C@H](C)Cn1cc(-c2ccc(C(F)(F)F)cc2)nn1,0
COc1cc(-c2ccc(C)cc2)ccc1O[C@H](C)Cn1cc(-c2ccc(C(F)(F)F)cc2)nn1,0
COc1cc(-c2ccc(F)cc2)ccc1O[C@H](C)Cn1cc(-c2ccc(C(F)(F)F)cc2)nn1,0
COc1cc(-c2ccc(O)c(O)c2)c(OC)c(O)c1-c1ccc(O)c(O)c1,0
COc1cc(-c2ccc(O)cc2)c(O)c(O)c1-c1ccc(O)cc1,0
COc1cc(-c2ccc(O)cc2)c(OC)c(O)c1-c1ccc(O)c(CC=C(C)C)c1,0
COc1cc(-c2ccc(O)cc2)c(OC)c(O)c1-c1ccc(O)c(O)c1,0
COc1cc(-c2ccc(O)cc2)c(OC)c(O)c1-c1ccc(O)cc1,1
COc1cc(-c2ccc(O)cc2)c(OC)c(O)c1-c1ccc(OCC=C(C)C)cc1,0
COc1cc(-c2ccc(O)cc2)c(OC)c(O)c1-c1ccc(OCc2ccccc2)cc1,0
COc1cc(-c2ccc(O)cc2)c(OC)c(O)c1-c1ccc(OCCBr)cc1,0
COc1cc(-c2ccc(O)cc2)c(OC)c(OC(=O)c2ccco2)c1-c1ccc(O)cc1,0
COc1cc(-c2ccc(O)cc2)c(OC)c(OCC=C(C)C)c1-c1ccc(O)cc1,0
COc1cc(-c2ccc(O)cc2)c(OC)c(OCc2ccccc2)c1-c1ccc(O)cc1,0
COc1cc(-c2ccc(O)cc2)c(OC)c(OCCBr)c1-c1ccc(O)cc1,0
COc1cc(-c2ccc(O)cc2)c(OC)c(OCCC(C)C)c1-c1ccc(O)cc1,1
COc1cc(-c2ccc(OCC=C(C)C)cc2)c(OC)c(O)c1-c1ccc(O)cc1,0
COc1cc(-c2ccc(OCC=C(C)C)cc2)c(OC)c(OCC=C(C)C)c1-c1ccc(O)cc1,0
COc1cc(-c2ccc(OCc3ccc(-c4ccccc4)cc3)cc2)c(OC)c(O)c1-c1ccc(O)cc1,0
COc1cc(-c2ccc(OCc3ccccc3)cc2)c(OC)c(O)c1-c1ccc(O)cc1,0
COc1cc(-c2ccc(OCCBr)cc2)c(OC)c(O)c1-c1ccc(O)cc1,0
COc1cc(-c2ccc(OCCBr)cc2)c(OC)c(OCCBr)c1-c1ccc(O)cc1,1
COc1cc(-c2ccc(OCCC(C)C)cc2)c(OC)c(O)c1-c1ccc(O)cc1,0
COc1cc(-c2ccccc2)c(OC)c(O)c1-c1ccc(O)cc1,0
COc1cc(-c2nnc(/N=C/c3ccc(O)cc3)s2)ccc1OCc1ccccc1,1
COc1cc(OC)c([C@@H](OC)[C@H](C)O)cc1OC,0
COc1cc2cc(Oc3cc(O[C@@H]4O[C@H](CO)[C@@H](O)[C@H](O)[C@H]4O[C@@H]4O[C@H](CO)[C@@H](O)[C@H](O)[C@H]4O)c4ccc(=O)oc4c3)c(=O)oc2cc1O,2
COc1cc2oc3cc(O)c(OC)c(CC=C(C)C)c3c(=O)c2c(O)c1CC=C(C)C,0
COc1ccc(/C=C2\CCC/C(=C\c3ccccc3)C2=O)c(OC)c1,0
COc1ccc(/C=C2\CCC/C(=C\c3ccccc3)C2=O)cc1,0
COc1ccc(/C=N/NC(=O)c2cc3ccccc3[nH]2)c(I)c1O,1
COc1ccc(/C=N/NC(=O)c2cc3ccccc3[nH]2)cc1O,1
COc1ccc(/C=N/NC(=O)c2cc3ccccc3oc2=O)c(O)c1,1
COc1ccc(/C=N/NC(=O)c2cc3ccccc3oc2=O)cc1,1
COc1ccc(/C=N/NC(=O)c2nc(-c3cc4ccccc4oc3=O)cs2)c(O)c1,1
COc1ccc(/C=N/NC(=O)c2nc(-c3cc4ccccc4oc3=O)cs2)cc1,1
COc1ccc([C@H](CC(=O)c2ccc3ccccc3c2)c2c[nH]c3ccccc23)cc1,1
COc1ccc([C@H](CC(=O)c2ccccc2)c2c[nH]c3ccccc23)cc1,1
COc1ccc(Br)cc1/C=N/c1nnc(-c2ccc(Cl)cc2)s1,1
COc1ccc(Br)cc1/C=N/c1nnc(-c2cccc([N+](=O)[O-])c2)s1,1
COc1ccc(Br)cc1-c1nnc(N)s1,1
COc1ccc(C(=O)/N=c2\scc(C)n2-c2cc(Cl)c(Cl)cc2Cl)cc1,2
COc1ccc(C(=O)Cn2nnc3cc(C)c(C)cc32)cc1,1
COc1ccc(C(=O)Cn2nnc3ccccc32)cc1,1
COc1ccc(C(=O)n2nnc3ccccc32)cc1,1
COc1ccc(-c2ccc(O[C@H](C)Cn3cc(-c4ccc(C(F)(F)F)cc4)nn3)c(OC)c2)cc1,0
COc1ccc(-c2csc(N/N=C3\C(=O)N(C)c4ccccc43)n2)cc1,1
COc1ccc(-c2csc(N/N=C3\C(=O)N(Cc4ccccc4F)c4ccc(C)cc43)n2)cc1,1
COc1ccc(-c2csc(NC(=O)CSc3nnc(-c4ccc(Br)cc4)c(-c4ccc(Br)cc4)n3)n2)cc1,1
COc1ccc(-c2csc(NC(=O)CSc3nnc(-c4ccccc4)c(-c4ccccc4)n3)n2)cc1,1
COc1ccc(-c2nc(-c3ccccc3)c(-c3ccccc3)n2Cc2cn(CC(=O)Nc3ccc(Cl)cc3Cl)nn2)cc1OC,0
COc1ccc(-c2nc3cccc(C)c3[nH]2)c(O)c1,1
COc1ccc(-c2nc3cccc(C)c3[nH]2)cc1O,1
COc1ccc(Cc2nnc(-c3ccc(Cl)cc3)n2CC(=O)NNC(=S)Nc2ccc(Cl)cc2)cc1,1
COc1ccc(Cc2nnc(-c3ccc(Cl)cc3)n2Cc2nn(CN3CCN(C)CC3)c(=S)o2)cc1,1
COc1ccc(N2C(=O)/C(=C/c3ccc(F)cc3)S/C2=N\NC(=O)c2cc3ccccc3oc2=O)cc1,2
COc1ccc(-n2c(-c3c(-c4ccc(Cl)cc4)[nH]c4ccc(Cl)cc34)nc(-c3ccccc3)c2-c2ccccc2)cc1,1
COc1ccc(-n2c(-c3c(-c4cccc(Br)c4)[nH]c4ccccc34)nc(-c3ccccc3)c2-c2ccccc2)cc1,1
COc1ccc(NC(=O)Cn2cc(Cn3c(-c4cccc(Cl)c4)nc(-c4ccccc4)c3-c3ccccc3)nn2)cc1,0
COc1ccc(NC(=O)Cn2cc(Cn3c(-c4cccs4)nc(-c4ccccc4)c3-c3ccccc3)nn2)cc1,0
COc1ccc(NC(=O)Cn2cc(COc3cc(O)c4c(=O)c5cc(Br)ccc5oc4c3)nn2)c(OC)c1,1
COc1ccc(NC(=O)Cn2cc(COc3cc(O)c4c(=O)c5cc(Br)ccc5oc4c3)nn2)cc1OC,0
COc1ccc(NC(=O)Cn2cc(COc3cc(O)c4c(=O)c5cc(OC)ccc5oc4c3)nn2)c(OC)c1,1
COc1ccc(NC(=O)Cn2cc(COc3cc(O)c4c(=O)c5ccc(Br)cc5oc4c3)nn2)c(OC)c1,1
COc1ccc(NC(=O)Cn2cc(COc3cc(O)c4c(=O)c5ccc(Br)cc5oc4c3)nn2)cc1OC,0
COc1ccc(NC(=O)Cn2cc(COc3cc(O)c4c(=O)c5ccc(OC)cc5oc4c3)nn2)c(OC)c1,1
COc1ccc(NC(=O)Cn2cc(COc3cc(OC(C)=O)c4c(=O)c5cc(Br)ccc5oc4c3)nn2)c(OC)c1,0
COc1ccc(NC(=O)Cn2cc(COc3cc(OC(C)=O)c4c(=O)c5cc(Br)ccc5oc4c3)nn2)cc1OC,0
COc1ccc(NC(=O)Cn2cc(COc3cc(OC(C)=O)c4c(=O)c5cc(OC)ccc5oc4c3)nn2)c(OC)c1,0
COc1ccc(NC(=O)Cn2cc(COc3cc(OC(C)=O)c4c(=O)c5ccc(Br)cc5oc4c3)nn2)c(OC)c1,0
COc1ccc(NC(=O)Cn2cc(COc3cc(OC(C)=O)c4c(=O)c5ccc(Br)cc5oc4c3)nn2)cc1OC,0
COc1ccc(NC(=O)Cn2cc(COc3cc(OC(C)=O)c4c(=O)c5ccc(OC)cc5oc4c3)nn2)c(OC)c1,0
COc1ccc(NC(=S)NNC(=O)c2ccc(-c3nnc(-c4ccccc4Cl)o3)cc2)cc1,2
COc1ccc(O)c(/C=N/NC(=O)c2cc3ccccc3[nH]2)c1,1
COc1ccc(O)c(/C=N/NC(=O)c2cc3ccccc3oc2=O)c1,1
COc1ccc(O)c(-c2nc3cccc(C)c3[nH]2)c1,1
COc1ccc(OC)c(/C=C2\CCC/C(=C\c3ccccc3)C2=O)c1,0
COc1ccc2c(=O)c3c(O)cc(OCc4cn(CC(=O)Nc5ccc(OC)c(OC)c5)nn4)cc3oc2c1,0
COc1ccc2c(=O)c3c(OC(C)=O)cc(OCc4cn(CC(=O)Nc5ccc(OC)c(OC)c5)nn4)cc3oc2c1,0
COc1ccc2oc3cc(OCc4cn(CC(=O)Nc5ccc(OC)c(OC)c5)nn4)cc(O)c3c(=O)c2c1,0
COc1ccc2oc3cc(OCc4cn(CC(=O)Nc5ccc(OC)c(OC)c5)nn4)cc(OC(C)=O)c3c(=O)c2c1,0
COc1cccc(/C=C2\CCC/C(=C\c3ccccc3)C2=O)c1OC,0
COc1cccc(/C=C2\SC(=O)NC2=O)c1OCN1C(=O)c2ccccc2C1=O,0
COc1cccc(/C=C2\SC(=S)NC2=O)c1OCN1C(=O)c2ccccc2C1=O,0
COc1cccc(C(c2c(N)c3ccccc3oc2=O)c2c(N)c3ccccc3oc2=O)c1,0
COc1cccc(C(Nc2ccc(-c3ccc(NC(c4cccc(OC)c4)n4nc(-c5cc(=O)oc6ccccc56)oc4=S)cc3)cc2)n2nc(-c3cc4ccccc4oc3=O)oc2=S)c1,2
COc1cccc(C(Nc2ccc(NC(c3cccc(OC)c3)n3nc(-c4cc(=O)oc5ccccc45)oc3=S)cc2)n2nc(-c3cc4ccccc4oc3=O)oc2=S)c1,2
COc1cccc(-c2nnc(N)s2)c1OC,1
COc1cccc(N2C(=O)/C(=C/c3ccc(F)cc3)S/C2=N\NC(=O)c2cc3ccccc3oc2=O)c1,2
COc1cccc(NC(=S)NNC(=O)c2ccc(-c3nnc(-c4ccccc4Cl)o3)cc2)c1,2
COc1ccccc1/C=N/NC(=O)c1nc(-c2cc3ccccc3oc2=O)cs1,1
COc1ccccc1C(=O)n1nnc2ccccc21,1
COc1ccccc1-c1nc(-c2ccccc2)c(-c2ccccc2)n1Cc1cn(CC(=O)Nc2ccc(C)cc2)nn1,0
COc1ccccc1N1C(=O)/C(=C/c2ccc(F)cc2)S/C1=N\NC(=O)c1cc2ccccc2oc1=O,2
COc1ccccc1NC(=S)NNC(=O)c1ccc(-c2nnc(-c3ccccc3Cl)o2)cc1,2
CSCC[C@H](NC(=O)[C@H](CC(C)C)NC(=O)[C@H](CO)NC(=O)[C@@H]1CCCN1C(=O)[C@@H](NC(=O)[C@@H](N)CCCNC(=N)N)C(C)C)C(=O)O,0
FC(F)(F)c1ccc(-c2[nH]c3ccccc3c2-c2nc(-c3ccccc3)c(-c3ccccc3)n2-c2ccccc2)cc1,1
Fc1ccc(Cn2cc(CSc3nc4cc(Cl)ccc4s3)nn2)cc1,0
Fc1ccc(CSc2nc(-c3ccc(Br)cc3)cc(-c3ccc(Br)cc3)n2)cc1,0
Fc1ccc2[nH]c(-c3ccccc3)c(-c3nc(-c4ccccc4)c(-c4ccccc4)n3-c3cccc(Cl)c3)c2c1,1
Fc1ccc2[nH]c(-c3ccccc3)c(-c3nc(-c4ccccc4)c(-c4ccccc4)n3-c3ccccc3)c2c1,1
Fc1cccc(Cn2cc(CSc3nc4cc(Cl)ccc4s3)nn2)c1,0
Fc1cccc(Cn2cc(CSc3nc4ccccc4s3)nn2)c1,0
Fc1cccc(CSc2nc(-c3ccc(Br)cc3)cc(-c3ccc(Br)cc3)n2)c1,0
Fc1cccc(CSc2nc(-c3ccc(Br)cc3)cc(-c3cccc(Br)c3)n2)c1,0
Fc1ccccc1Cn1cc(CSc2nc3cc(Cl)ccc3s2)nn1,0
Fc1ccccc1CSc1nc(-c2ccc(Br)cc2)cc(-c2ccc(Br)cc2)n1,0
N#Cc1ccc2[nH]cc(C(c3ccc(-c4nnc(-c5c[nH]c6ccccc56)o4)cc3)c3c[nH]c4ccc(C#N)cc34)c2c1,0
Nc1c(C(c2ccc([N+](=O)[O-])cc2)c2c(N)c3ccccc3oc2=O)c(=O)oc2ccccc12,0
Nc1c(C(c2ccc(O)cc2)c2c(N)c3ccccc3oc2=O)c(=O)oc2ccccc12,0
Nc1c(C(c2cccc(Br)c2)c2c(N)c3ccccc3oc2=O)c(=O)oc2ccccc12,0
Nc1c(C(c2cccc(Cl)c2)c2c(N)c3ccccc3oc2=O)c(=O)oc2ccccc12,0
Nc1c(C(c2cccc(F)c2)c2c(N)c3ccccc3oc2=O)c(=O)oc2ccccc12,0
Nc1c(C(c2ccccc2)c2c(N)c3ccccc3oc2=O)c(=O)oc2ccccc12,0
Nc1c(C(c2ccccc2Cl)c2c(N)c3ccccc3oc2=O)c(=O)oc2ccccc12,0
Nc1c(C(c2ccccc2F)c2c(N)c3ccccc3oc2=O)c(=O)oc2ccccc12,0
Nc1cc(C(=O)n2nnc3ccccc32)ccc1Cl,1
Nc1ccn(C2OC(CO)[C@@H](O)[C@H]2O)c(=O)n1,1
Nc1nnc(-c2c3ccccc3cc3ccccc23)s1,1
Nc1nnc(-c2cc3ccccc3cc2O)s1,1
Nc1nnc(-c2ccc([N+](=O)[O-])cc2)s1,1
Nc1nnc(-c2ccc(Cl)c(OCc3ccccc3)c2)s1,1
Nc1nnc(-c2ccc(Cl)cc2)s1,1
Nc1nnc(-c2ccc(Cl)cc2Cl)s1,1
Nc1nnc(-c2ccc(O)cc2)s1,1
Nc1nnc(-c2ccc(OCc3ccccc3)cc2)s1,1
Nc1nnc(-c2cccc([N+](=O)[O-])c2)s1,1
Nc1nnc(-c2ccccc2[N+](=O)[O-])s1,1
O=[N+]([O-])c1ccc(/C=N/c2nnc(-c3ccc(Cl)cc3)s2)cc1,1
O=[N+]([O-])c1cccc(-c2nnc(/N=C/c3ccc(Cl)cc3Cl)s2)c1,1
O=[N+]([O-])c1ccccc1/C=N/c1nnc(-c2ccc(Cl)cc2)s1,1
O=C(/C=C(O)/C=C/c1cc(O)ccc1O)c1cc(O)ccc1O,0
O=C(/C=C(O)/C=C/c1cc(O)ccc1O)c1ccc(O)cc1O,0
O=C(/C=C(O)/C=C/c1ccc(O)c(O)c1)c1cc(Cl)ccc1O,0
O=C(/C=C(O)/C=C/c1ccc(O)c(O)c1)c1ccccc1O,0
O=C(/C=C(O)/C=C/c1ccc(O)cc1)c1cc(Cl)ccc1O,0
O=C(/C=C(O)/C=C/c1ccc(O)cc1)c1ccccc1O,0
O=C(/C=C(O)/C=C/c1ccc(O)cc1O)c1ccccc1O,0
O=C(/C=C(O)/C=C/c1cccc(O)c1)c1cc(Cl)ccc1O,0
O=C(/C=C(O)/C=C/c1cccc(O)c1)c1ccccc1O,0
O=C(/C=C(O)/C=C/c1ccco1)c1cc(O)ccc1O,0
O=C(C[C@@H](c1c(Cl)cccc1Cl)c1c[nH]c2ccccc12)c1ccccc1,1
O=C(C[C@@H](c1ccc(Br)cc1)c1c[nH]c2ccccc12)c1ccccc1,1
O=C(C[C@@H](c1ccc(Cl)cc1)c1c[nH]c2ccccc12)c1ccc2ccccc2c1,1
O=C(C[C@@H](c1ccc(Cl)cc1)c1c[nH]c2ccccc12)c1ccccc1,1
O=C(C[C@@H](c1ccc(Cl)cc1Cl)c1c[nH]c2ccccc12)c1ccccc1,1
O=C(C[C@@H](c1cccc([N+](=O)[O-])c1)c1c[nH]c2ccccc12)c1ccccc1,1
O=C(C[C@@H](c1cccc(Br)c1)c1c[nH]c2ccccc12)c1ccccc1,1
O=C(C[C@@H](c1ccccc1)c1c[nH]c2ccccc12)c1ccc2ccccc2c1,1
O=C(C[C@@H](c1ccccc1)c1c[nH]c2ccccc12)c1ccccc1,1
O=C(C[C@@H](c1cccs1)c1c[nH]c2ccccc12)c1ccc2ccccc2c1,1
O=C(C[C@@H](c1cccs1)c1c[nH]c2ccccc12)c1ccccc1,1
O=C(C1=C(O)/C(=C/c2ccc(O)c(O)c2)CCC1)c1ccccc1,0
O=C(C1=C(O)/C(=C/c2ccc(O)cc2)CCC1)c1ccccc1,0
O=C(C1=C(O)/C(=C/c2cccc(O)c2)CCC1)c1ccccc1,0
O=C(c1c(F)cccc1F)n1nnc2ccccc21,1
O=C(c1ccc([N+](=O)[O-])cc1)n1nnc2ccccc21,1
O=C(c1ccc(Br)cc1)n1nnc2ccccc21,1
O=C(c1ccc(F)c(F)c1Cl)n1nnc2ccccc21,1
O=C(c1ccc(F)cc1)n1nnc2ccccc21,1
O=C(c1cccc(Cl)c1)n1nnc2cc(Cl)c(Cl)cc21,1
O=C(c1ccccc1)n1nnc2cc(Cl)c(Cl)cc21,1
O=C(c1ccccc1)n1nnc2ccccc21,1
O=C(Cc1ccc(Cl)c(Cl)c1)N/N=C1\C(=O)Nc2cc(Br)ccc21,1
O=C(Cc1ccc(Cl)cc1Cl)N/N=C1\C(=O)Nc2cc(Br)ccc21,1
O=C(Cn1cc(Cn2c(-c3ccc(Br)cc3)nc(-c3ccccc3)c2-c2ccccc2)nn1)Nc1ccc(F)cc1,0
O=C(Cn1cc(Cn2c(-c3ccc(F)cc3)nc(-c3ccccc3)c2-c2ccccc2)nn1)Nc1ccc(Cl)cc1Cl,0
O=C(Cn1cc(COc2cc(O)c3c(=O)c4cc(Br)ccc4oc3c2)nn1)Nc1ccc(O)c(O)c1,1
O=C(Cn1cc(COc2cc(O)c3c(=O)c4cc(O)ccc4oc3c2)nn1)Nc1ccc(O)c(O)c1,1
O=C(Cn1cc(COc2cc(O)c3c(=O)c4cc(O)ccc4oc3c2)nn1)Nc1ccc(O)cc1O,0
O=C(Cn1cc(COc2cc(O)c3c(=O)c4ccc(Br)cc4oc3c2)nn1)Nc1ccc(O)c(O)c1,1
O=C(Cn1cc(COc2cc(O)c3c(=O)c4ccc(Br)cc4oc3c2)nn1)Nc1ccc(O)cc1O,1
O=C(Cn1cc(COc2cc(O)c3c(=O)c4ccc(O)cc4oc3c2)nn1)Nc1ccc(O)c(O)c1,1
O=C(Cn1cc(COc2cc(O)c3c(=O)c4ccc(O)cc4oc3c2)nn1)Nc1ccc(O)cc1O,0
O=C(Cn1nnc2ccccc21)c1ccc(Br)cc1,1
O=C(Cn1nnc2ccccc21)c1ccc(-c2ccccc2)cc1,1
O=C(Cn1nnc2ccccc21)c1ccc(Cl)c(Cl)c1,1
O=C(Cn1nnc2ccccc21)c1ccc(Cl)cc1,1
O=C(Cn1nnc2ccccc21)c1cccc([N+](=O)[O-])c1,1
O=C(Cn1nnc2ccccc21)c1cccc(Br)c1,1
O=C(Cn1nnc2ccccc21)c1cccc(Cl)c1Cl,1
O=C(Cn1nnc2ccccc21)c1ccccc1,1
O=C(Cn1nnc2ccccc21)c1ccccc1O,1
O=C(COc1ccc2ccc(=O)oc2c1)N/N=C1\C(=O)N(Cc2ccc(Br)cc2)c2ccc(Br)cc21,1
O=C(COc1ccc2ccc(=O)oc2c1)N/N=C1\C(=O)N(Cc2ccc(Br)cc2)c2ccccc21,1
O=C(COc1ccc2ccc(=O)oc2c1)N/N=C1\C(=O)N(Cc2cccc(F)c2)c2ccc(Cl)cc21,1
O=C(COc1ccc2ccc(=O)oc2c1)N/N=C1\C(=O)N(Cc2cccc(F)c2)c2ccccc21,1
O=C(COc1ccc2ccc(=O)oc2c1)N/N=C1\C(=O)N(Cc2ccccc2)c2ccc(Br)cc21,1
O=C(COc1ccc2ccc(=O)oc2c1)N/N=C1\C(=O)N(Cc2ccccc2)c2ccccc21,1
O=C(COc1ccc2ccc(=O)oc2c1)N/N=C1\C(=O)N(Cc2ccccc2Cl)c2ccc(Br)cc21,1
O=C(COc1ccc2ccc(=O)oc2c1)N/N=C1\C(=O)N(Cc2ccccc2Cl)c2ccccc21,1
O=C(COc1ccc2ccc(=O)oc2c1)N/N=C1\C(=O)N(Cc2ccccc2F)c2ccc(Cl)cc21,1
O=C(COc1ccc2ccc(=O)oc2c1)N/N=C1\C(=O)N(Cc2ccccc2F)c2ccccc21,1
O=C(COc1ccc2ccc(=O)oc2c1)N/N=C1\C(=O)Nc2ccc([N+](=O)[O-])cc21,1
O=C(COc1ccc2ccc(=O)oc2c1)N/N=C1\C(=O)Nc2ccc(Br)cc21,1
O=C(COc1ccc2ccc(=O)oc2c1)N/N=C1\C(=O)Nc2ccc(Cl)cc21,1
O=C(COc1ccc2ccc(=O)oc2c1)N/N=C1\C(=O)Nc2ccc(F)cc21,1
O=C(COc1ccc2ccc(=O)oc2c1)N/N=C1\C(=O)Nc2ccccc21,1
O=C(CSc1nnc(-c2ccc(Br)cc2)c(-c2ccc(Br)cc2)n1)Nc1nc(-c2ccc(Br)cc2)cs1,1
O=C(CSc1nnc(-c2ccc(Br)cc2)c(-c2ccc(Br)cc2)n1)Nc1nc(-c2ccc(Cl)cc2)cs1,1
O=C(CSc1nnc(-c2ccc(Br)cc2)c(-c2ccc(Br)cc2)n1)Nc1nc(-c2ccc(F)cc2)cs1,1
O=C(CSc1nnc(-c2ccc(Br)cc2)c(-c2ccc(Br)cc2)n1)Nc1nc(-c2ccccc2)cs1,1
O=C(CSc1nnc(-c2ccc(F)cc2)c(-c2ccc(F)cc2)n1)Nc1nc(-c2ccc(Br)cc2)cs1,1
O=C(CSc1nnc(-c2ccc(F)cc2)c(-c2ccc(F)cc2)n1)Nc1nc(-c2ccc(Cl)cc2)cs1,1
O=C(CSc1nnc(-c2ccc(F)cc2)c(-c2ccc(F)cc2)n1)Nc1nc(-c2ccc(F)cc2)cs1,1
O=C(CSc1nnc(-c2ccc(F)cc2)c(-c2ccc(F)cc2)n1)Nc1nc(-c2ccccc2)cs1,1
O=C(CSc1nnc(-c2ccccc2)c(-c2ccccc2)n1)Nc1nc(-c2ccc(Br)cc2)cs1,1
O=C(CSc1nnc(-c2ccccc2)c(-c2ccccc2)n1)Nc1nc(-c2ccc(Cl)cc2)cs1,1
O=C(CSc1nnc(-c2ccccc2)c(-c2ccccc2)n1)Nc1nc(-c2ccc(F)cc2)cs1,1
O=C(CSc1nnc(-c2ccccc2)c(-c2ccccc2)n1)Nc1nc(-c2ccccc2)cs1,1
O=C(N/N=C/c1c(O)cc(O)cc1O)c1cc2ccccc2[nH]1,1
O=C(N/N=C/c1cc(Cl)cc(Cl)c1O)c1nc(-c2cc3ccccc3oc2=O)cs1,1
O=C(N/N=C/c1cc(Cl)ccc1O)c1nc(-c2cc3ccccc3oc2=O)cs1,1
O=C(N/N=C/c1cc(O)c(O)c(O)c1)c1cc2ccccc2[nH]1,1
O=C(N/N=C/c1cc(O)cc(O)c1)c1cc2ccccc2[nH]1,1
O=C(N/N=C/c1cc(O)ccc1O)c1cc2ccccc2[nH]1,1
O=C(N/N=C/c1cc(O)ccc1O)c1nc(-c2cc3ccccc3oc2=O)cs1,1
O=C(N/N=C/c1ccc([N+](=O)[O-])cc1)c1cc2ccccc2oc1=O,1
O=C(N/N=C/c1ccc(Br)c(F)c1)c1cc2ccccc2[nH]1,1
O=C(N/N=C/c1ccc(C(F)(F)F)cc1)c1nc(-c2cc3ccccc3oc2=O)cs1,1
O=C(N/N=C/c1ccc(Cl)cc1)c1cc2ccccc2[nH]1,1
O=C(N/N=C/c1ccc(Cl)cc1)c1nc(-c2cc3ccccc3oc2=O)cs1,1
O=C(N/N=C/c1ccc(F)cc1)c1cc2ccccc2oc1=O,1
O=C(N/N=C/c1ccc(O)c(F)c1)c1nc(-c2cc3ccccc3oc2=O)cs1,1
O=C(N/N=C/c1ccc(O)c(O)c1)c1cc2ccccc2[nH]1,1
O=C(N/N=C/c1ccc(O)c(O)c1)c1nc(-c2cc3ccccc3oc2=O)cs1,1
O=C(N/N=C/c1ccc(O)cc1)c1cc2ccccc2[nH]1,1
O=C(N/N=C/c1ccc(O)cc1)c1nc(-c2cc3ccccc3oc2=O)cs1,1
O=C(N/N=C/c1ccc(O)cc1O)c1cc2ccccc2oc1=O,1
O=C(N/N=C/c1cccc(Br)c1)c1nc(-c2cc3ccccc3oc2=O)cs1,1
O=C(N/N=C/c1cccc(Cl)c1)c1nc(-c2cc3ccccc3oc2=O)cs1,1
O=C(N/N=C/c1cccc(F)c1)c1cc2ccccc2oc1=O,1
O=C(N/N=C/c1cccc(F)c1)c1nc(-c2cc3ccccc3oc2=O)cs1,1
O=C(N/N=C/c1cccc(O)c1O)c1cc2ccccc2[nH]1,1
O=C(N/N=C/c1cccc(O)c1O)c1cc2ccccc2oc1=O,1
O=C(N/N=C/c1ccccc1)c1cc2ccccc2oc1=O,1
O=C(N/N=C/c1ccccc1[N+](=O)[O-])c1cc2ccccc2oc1=O,1
O=C(N/N=C/c1ccccc1F)c1cc2ccccc2oc1=O,1
O=C(N/N=C/c1ccccc1F)c1nc(-c2cc3ccccc3oc2=O)cs1,1
O=C(N/N=C/c1ccccc1O)c1cc2ccccc2[nH]1,1
O=C(N/N=C/c1ccccc1O)c1cc2ccccc2oc1=O,1
O=C(N/N=C/c1ccccc1O)c1nc(-c2cc3ccccc3oc2=O)cs1,1
O=C(N/N=C/c1ccccn1)c1cc2ccccc2oc1=O,1
O=C(N/N=C/c1ccncc1)c1cc2ccccc2oc1=O,1
O=C(N/N=C1\S/C(=C\c2ccc(F)cc2)C(=O)N1c1ccc(Cl)cc1)c1cc2ccccc2oc1=O,2
O=C(N/N=C1\S/C(=C\c2ccc(F)cc2)C(=O)N1c1cccc(Cl)c1)c1cc2ccccc2oc1=O,0
O=C(N/N=C1\S/C(=C\c2ccc(F)cc2)C(=O)N1c1ccccc1Cl)c1cc2ccccc2oc1=O,2
O=C(NNC(=S)Nc1ccc([N+](=O)[O-])cc1)c1ccc(-c2nnc(-c3ccccc3Cl)o2)cc1,2
O=C(NNC(=S)Nc1ccc(Br)cc1)c1ccc(-c2nnc(-c3ccccc3Cl)o2)cc1,2
O=C(NNC(=S)Nc1ccc(C(F)(F)F)cc1)c1ccc(-c2nnc(-c3ccccc3Cl)o2)cc1,2
O=C(NNC(=S)Nc1ccc(Cl)c(Cl)c1)c1ccc(-c2nnc(-c3ccccc3Cl)o2)cc1,2
O=C(NNC(=S)Nc1ccc(Cl)cc1)c1ccc(-c2nnc(-c3ccccc3Cl)o2)cc1,2
O=C(NNC(=S)Nc1ccc(F)cc1)c1ccc(-c2nnc(-c3ccccc3Cl)o2)cc1,2
O=C(NNC(=S)Nc1cccc([N+](=O)[O-])c1)c1ccc(-c2nnc(-c3ccccc3Cl)o2)cc1,2
O=C(NNC(=S)Nc1cccc(F)c1)c1ccc(-c2nnc(-c3ccccc3Cl)o2)cc1,2
O=C(NNC(=S)Nc1ccccc1Br)c1ccc(-c2nnc(-c3ccccc3Cl)o2)cc1,2
O=C(NNC(=S)Nc1ccccc1Cl)c1ccc(-c2nnc(-c3ccccc3Cl)o2)cc1,2
O=C(NNC(=S)Nc1ccccc1F)c1ccc(-c2nnc(-c3ccccc3Cl)o2)cc1,2
O=C(O)CN1C(=O)S/C(=C/c2ccc(-n3ccc4c(Br)ccnc43)cc2)C1=O,2
O=C1/C(=C/c2ccccc2)CCC/C1=C\c1ccc(Br)cc1,0
O=C1/C(=C/c2ccccc2)CCC/C1=C\c1ccc(Cl)c(Cl)c1,0
O=C1/C(=C/c2ccccc2)CCC/C1=C\c1ccc(Cl)cc1,0
O=C1/C(=C/c2ccccc2)CCC/C1=C\c1ccc(F)c(F)c1,0
O=C1/C(=C/c2ccccc2)CCC/C1=C\c1ccc(F)cc1,0
O=C1/C(=C/c2ccccc2)CCC/C1=C\c1ccc(O)c(O)c1,0
O=C1/C(=C/c2ccccc2)CCC/C1=C\c1ccc(O)cc1,0
O=C1/C(=C/c2ccccc2)CCC/C1=C\c1cccc(Br)c1,0
O=C1/C(=C/c2ccccc2)CCC/C1=C\c1cccc(Cl)c1Cl,0
O=C1/C(=C/c2ccccc2)CCC/C1=C\c1cccc(F)c1,0
O=C1/C(=C/c2ccccc2)CCC/C1=C\c1cccc(O)c1,0
O=C1/C(=C/c2ccccc2)CCC/C1=C\c1ccccc1Br,0
O=C1/C(=C/c2ccccc2)CCC/C1=C\c1ccccc1Cl,0
O=C1/C(=C/c2ccccc2)CCC/C1=C\c1ccccc1F,0
O=c1c(O)c(-c2ccc(O)c(O)c2)oc2cc(O)cc(O)c12,1
O=C1C=C(c2ccc(O)cc2)C(=O)C(O)=C1c1ccc(O)cc1,0
O=c1cc(-c2nn(C(Nc3ccc(-c4ccc(NC(c5ccc([N+](=O)[O-])cc5)n5nc(-c6cc7ccccc7oc6=O)oc5=S)cc4)cc3)c3ccc([N+](=O)[O-])cc3)c(=S)o2)c2ccccc2o1,2
O=c1cc(-c2nn(C(Nc3ccc(-c4ccc(NC(c5ccc(Br)cc5)n5nc(-c6cc7ccccc7oc6=O)oc5=S)cc4)cc3)c3ccc(Br)cc3)c(=S)o2)c2ccccc2o1,2
O=c1cc(-c2nn(C(Nc3ccc(-c4ccc(NC(c5ccc(Cl)cc5)n5nc(-c6cc7ccccc7oc6=O)oc5=S)cc4)cc3)c3ccc(Cl)cc3)c(=S)o2)c2ccccc2o1,2
O=c1cc(-c2nn(C(Nc3ccc(-c4ccc(NC(c5ccc(Cl)cc5Cl)n5nc(-c6cc7ccccc7oc6=O)oc5=S)cc4)cc3)c3ccc(Cl)cc3Cl)c(=S)o2)c2ccccc2o1,2
O=c1cc(-c2nn(C(Nc3ccc(-c4ccc(NC(c5cccc(Br)c5)n5nc(-c6cc7ccccc7oc6=O)oc5=S)cc4)cc3)c3cccc(Br)c3)c(=S)o2)c2ccccc2o1,2
O=c1cc(-c2nn(C(Nc3ccc(-c4ccc(NC(c5cccc(Cl)c5)n5nc(-c6cc7ccccc7oc6=O)oc5=S)cc4)cc3)c3cccc(Cl)c3)c(=S)o2)c2ccccc2o1,2
O=c1cc(-c2nn(C(Nc3ccc(NC(c4ccc([N+](=O)[O-])cc4)n4nc(-c5cc6ccccc6oc5=O)oc4=S)cc3)c3ccc([N+](=O)[O-])cc3)c(=S)o2)c2ccccc2o1,2
O=c1cc(-c2nn(C(Nc3ccc(NC(c4ccc(Cl)cc4)n4nc(-c5cc6ccccc6oc5=O)oc4=S)cc3)c3ccc(Cl)cc3)c(=S)o2)c2ccccc2o1,2
O=c1cc(-c2nn(C(Nc3ccc(NC(c4ccc(Cl)cc4Cl)n4nc(-c5cc6ccccc6oc5=O)oc4=S)cc3)c3ccc(Cl)cc3Cl)c(=S)o2)c2ccccc2o1,2
O=c1cc(-c2nn(C(Nc3ccc(NC(c4ccc(F)cc4)n4nc(-c5cc6ccccc6oc5=O)oc4=S)cc3)c3ccc(F)cc3)c(=S)o2)c2ccccc2o1,2
O=c1cc(-c2nn(C(Nc3ccc(NC(c4cccc(Br)c4)n4nc(-c5cc6ccccc6oc5=O)oc4=S)cc3)c3cccc(Br)c3)c(=S)o2)c2ccccc2o1,2
O=c1cc(-c2nn(C(Nc3ccc(NC(c4cccc(Cl)c4)n4nc(-c5cc6ccccc6oc5=O)oc4=S)cc3)c3cccc(Cl)c3)c(=S)o2)c2ccccc2o1,2
O=c1ccc2ccc(O)c(-c3c(OC4O[C@H](CO)[C@@H](O)[C@H](O)[C@H]4O)ccc4ccc(=O)oc34)c2o1,2
O=c1ccc2ccc(Oc3cc4ccc(O)c(-c5c(OC6O[C@H](CO)[C@@H](O)[C@H](O)[C@H]6O)ccc6ccc(=O)oc56)c4oc3=O)cc2o1,2
O=c1ccc2ccc(OCC(O)CSc3nnc(-c4ccc(F)cc4)c(-c4ccc(F)cc4)n3)cc2o1,0
O=c1ccc2ccc(OCC(O)CSc3nnc(-c4cccc(F)c4)c(-c4cccc(F)c4)n3)cc2o1,0
O=c1ccc2ccc(OCC(O)CSc3nnc(-c4ccccc4)c(-c4ccccc4)n3)cc2o1,0
O=c1ccc2ccc(OCC(O)CSc3nnc(-c4ccco4)c(-c4ccco4)n3)cc2o1,0
O=C1CSC(=O)N1,2
O=C1NC(=O)/C(=C/c2cc([N+](=O)[O-])ccc2OCN2C(=O)c3ccccc3C2=O)S1,0
O=C1NC(=O)/C(=C/c2cc(Cl)ccc2OCN2C(=O)c3ccccc3C2=O)S1,0
O=C1NC(=O)/C(=C/c2ccc(-c3nc4ccccc4n3Cc3ccc(Cl)cc3)cc2)S1,2
O=C1NC(=O)/C(=C/c2ccc(OCN3C(=O)c4ccccc4C3=O)c([N+](=O)[O-])c2)S1,0
O=C1NC(=O)/C(=C/c2ccc(OCN3C(=O)c4ccccc4C3=O)c(Cl)c2)S1,0
O=C1NC(=O)/C(=C/c2ccc(OCN3C(=O)c4ccccc4C3=O)cc2)S1,0
O=C1NC(=O)/C(=C/c2cccc(OCN3C(=O)c4ccccc4C3=O)c2)S1,0
O=C1NC(=O)/C(=C/c2ccccc2OCN2C(=O)c3ccccc3C2=O)S1,0
O=C1NC(=O)/C(=C\c2ccc(-n3cc([N+](=O)[O-])cn3)cc2)S1,2
O=C1NC(=O)/C(=C\c2ccc(-n3ccc4c(Br)ccnc43)cc2)S1,2
O=C1NC(=O)/C(=C\c2ccc(-n3ccc4c(Nc5ccc(F)cc5)ccnc43)cc2)S1,2
O=C1NC(=O)/C(=C\c2ccc(-n3ccc4c(Nc5ccccc5OC(F)(F)F)ccnc43)cc2)S1,2
O=C1NC(=O)/C(=C\c2ccc(-n3cnc4ccccc43)cc2)S1,2
O=C1NC(=O)/C(=C\c2ccc(-n3ncc4ccccc43)cc2)S1,2
O=C1NC(=S)S/C1=C\c1cc([N+](=O)[O-])ccc1OCN1C(=O)c2ccccc2C1=O,0
O=C1NC(=S)S/C1=C\c1cc(Cl)ccc1OCN1C(=O)c2ccccc2C1=O,0
O=C1NC(=S)S/C1=C\c1ccc(OCN2C(=O)c3ccccc3C2=O)c([N+](=O)[O-])c1,1
O=C1NC(=S)S/C1=C\c1ccc(OCN2C(=O)c3ccccc3C2=O)c(Cl)c1,1
O=C1NC(=S)S/C1=C\c1ccc(OCN2C(=O)c3ccccc3C2=O)cc1,1
O=C1NC(=S)S/C1=C\c1cccc(OCN2C(=O)c3ccccc3C2=O)c1,0
O=C1NC(=S)S/C1=C\c1ccccc1OCN1C(=O)c2ccccc2C1=O,0
O=C1Nc2cc(Br)ccc2/C1=N/NC(=O)c1ccccc1O,1
O=C1Nc2cc(Cl)ccc2/C1=C/c1ccc(-c2nnc(-c3cc(O)cc(O)c3)o2)cc1,1
O=C1Nc2ccc(Br)cc2C1(c1c[nH]c2ccccc12)c1c[nH]c2ccccc12,1
O=C1Nc2ccc(Cl)cc2/C1=N/Nc1nc(-c2ccc(Br)cc2)cs1,1
O=C1Nc2ccc(Cl)cc2C1(c1c[nH]c2ccccc12)c1c[nH]c2ccccc12,1
O=C1Nc2ccc(F)cc2/C1=N/Nc1nc(-c2ccc(F)cc2)cs1,1
O=C1Nc2ccccc2/C1=N/Nc1nc(-c2ccc(Cl)cc2)cs1,1
O=C1Nc2ccccc2/C1=N/Nc1nc(-c2ccc(F)cc2)cs1,1
O=C1Nc2ccccc2C1(c1c[nH]c2ccccc12)c1c[nH]c2ccccc12,1
O=C1Nc2ccccc2C1(c1cn(Cc2ccc(Br)cc2)c2ccccc12)c1cn(Cc2ccc(Br)cc2)c2ccccc12,1
O=C1Nc2ccccc2C1(c1cn(Cc2cccc(F)c2)c2ccccc12)c1cn(Cc2cccc(F)c2)c2ccccc12,1
O=C1Nc2ccccc2C1(c1cn(Cc2ccccc2)c2ccccc12)c1cn(Cc2ccccc2)c2ccccc12,1
O=C1Nc2ccccc2C1(c1cn(Cc2ccccc2Cl)c2ccccc12)c1cn(Cc2ccccc2Cl)c2ccccc12,1
O=C1Nc2ccccc2C1(c1cn(Cc2ccccc2F)c2ccccc12)c1cn(Cc2ccccc2F)c2ccccc12,1
O=C1O/C(=C\c2ccc(O)cc2)C(O)=C1c1ccc(O)cc1,0
O=c1oc2ccccc2cc1-c1nn(C(Nc2ccc(Oc3ccc(NC(c4ccc([N+](=O)[O-])cc4)n4nc(-c5cc6ccccc6oc5=O)oc4=S)cc3)cc2)c2ccc([N+](=O)[O-])cc2)c(=S)o1,2
O=c1oc2ccccc2cc1-c1nn(C(Nc2ccc(Oc3ccc(NC(c4ccc(Br)cc4)n4nc(-c5cc6ccccc6oc5=O)oc4=S)cc3)cc2)c2ccc(Br)cc2)c(=S)o1,2
O=c1oc2ccccc2cc1-c1nn(C(Nc2ccc(Oc3ccc(NC(c4ccc(Cl)cc4)n4nc(-c5cc6ccccc6oc5=O)oc4=S)cc3)cc2)c2ccc(Cl)cc2)c(=S)o1,2
O=c1oc2ccccc2cc1-c1nn(C(Nc2ccc(Oc3ccc(NC(c4ccc(Cl)cc4Cl)n4nc(-c5cc6ccccc6oc5=O)oc4=S)cc3)cc2)c2ccc(Cl)cc2Cl)c(=S)o1,2
O=c1oc2ccccc2cc1-c1nn(C(Nc2ccc(Oc3ccc(NC(c4cccc(Br)c4)n4nc(-c5cc6ccccc6oc5=O)oc4=S)cc3)cc2)c2cccc(Br)c2)c(=S)o1,2
O=c1oc2ccccc2cc1OCC(O)CSc1nnc(-c2ccc(F)cc2)c(-c2ccc(F)cc2)n1,0
O=c1oc2ccccc2cc1OCC(O)CSc1nnc(-c2cccc(Br)c2)c(-c2cccc(Br)c2)n1,0
O=c1oc2ccccc2cc1OCC(O)CSc1nnc(-c2ccco2)c(-c2ccco2)n1,0
OC[C@@H]1[C@H](O)[C@H](O)CN[C@@H]1CCc1ccccc1,0
OC[C@H]1CNC[C@@H](O)[C@@H]1O,0
OC[C@H]1NC[C@H](O)[C@@H](O)[C@@H]1O,0
Oc1cc(O)c2c(c1)O[C@@H](c1ccc(O)c(O)c1)[C@H](O)C2,0
Oc1ccc(/C=N/c2nnc(-c3ccc(Cl)cc3)s2)cc1,1
Oc1ccc(Br)cc1-c1nc2cc(Cl)ccc2s1,0
